{
  "project_info": {
    "project_number": "459346943910",
    "project_id": "mcx-final",
    "storage_bucket": "mcx-final.appspot.com"
  },
  "client": [
    {
      "client_info": {
        "mobilesdk_app_id": "1:459346943910:android:d8538f0d54c9fb77a5f967",
        "android_client_info": {
          "package_name": "com.example.mcx_live"
        }
      },
      "oauth_client": [
        {
          "client_id": "459346943910-agr0cgaca00fcc27jscalbgjdqsfghnk.apps.googleusercontent.com",
          "client_type": 3
        }
      ],
      "api_key": [
        {
          "current_key": "AIzaSyCNXcyIZX4zauVe0FS7HKKXafL3USeLPT0"
        }
      ],
      "services": {
        "appinvite_service": {
          "other_platform_oauth_client": [
            {
              "client_id": "459346943910-agr0cgaca00fcc27jscalbgjdqsfghnk.apps.googleusercontent.com",
              "client_type": 3
            }
          ]
        }
      }
    }
  ],
  "configuration_version": "1"
}